{
  "timestamp": "2026-01-31T23:22:39.408Z",
  "sampleSize": 244,
  "overall": {
    "mae": 10.094262295081966,
    "bias": -4.930327868852459,
    "within5": 41.39344262295082,
    "within10": 63.114754098360656,
    "within15": 79.91803278688525
  },
  "byRange": {
    "Rave (85-100)": {
      "n": 91,
      "totalBias": -1183,
      "totalMae": 1205,
      "bias": -13,
      "mae": 13.241758241758241
    },
    "Pan (0-34)": {
      "n": 2,
      "totalBias": 75,
      "totalMae": 75,
      "bias": 37.5,
      "mae": 37.5
    },
    "Positive (70-84)": {
      "n": 87,
      "totalBias": -163,
      "totalMae": 531,
      "bias": -1.8735632183908046,
      "mae": 6.103448275862069
    },
    "Mixed (55-69)": {
      "n": 52,
      "totalBias": -37,
      "totalMae": 505,
      "bias": -0.7115384615384616,
      "mae": 9.711538461538462
    },
    "Negative (35-54)": {
      "n": 12,
      "totalBias": 105,
      "totalMae": 147,
      "bias": 8.75,
      "mae": 12.25
    }
  }
}